file,type,url
"page_00001.html","HTML","https://www.georgiapower.com/about/grid-reliability/grid-improvements/grid-projects/transmission-projects.html"
"page_00002.html","HTML","https://www.georgiapower.com/about/grid-reliability/grid-improvements/grid-projects.html"
"page_00003.html","HTML","https://www.georgiapower.com/about/grid-reliability/grid-improvements/grid-projects/grid-investment-program.html"
"page_00004.html","HTML","https://www.georgiapower.com/about/grid-reliability/grid-improvements/grid-projects/grid-investment-program/confiabilidad.html"
"document_00001.pdf","PDF","https://www.georgiapower.com/content/dam/georgia-power/pdfs/company-pdfs/UPDATEDLand-Agent-Equipment-Type-FlyerP.pdf"
"page_00005.html","HTML","https://www.georgiapower.com/about/grid-reliability/grid-improvements/grid-projects/grid-investment-program/working-locations.html"
"page_00006.html","HTML","https://www.georgiapower.com/about/grid-reliability/grid-improvements/grid-projects/grid-investment-program/contact.html"
"page_00007.html","HTML","https://www.georgiapower.com/about/grid-reliability/grid-improvements/grid-projects/vegetation-easement-program.html"
"page_00008.html","HTML","https://www.georgiapower.com/about/grid-reliability/grid-improvements/grid-projects/vegetation-easement-program/working-locations.html"
"page_00009.html","HTML","https://www.georgiapower.com/about/grid-reliability/grid-improvements/grid-projects/vegetation-easement-program/contact-us.html"
"page_00010.html","HTML","https://www.georgiapower.com/about/grid-reliability/grid-improvements/grid-projects/meter-upgrade.html"
"page_00011.html","HTML","https://www.georgiapower.com/about/grid-reliability/grid-improvements/grid-projects/transmission-projects/tomochichi-towaliga.html"
"page_00012.html","HTML","https://www.georgiapower.com/about/grid-reliability/grid-improvements/grid-projects/ashley-park.html"
"page_00013.html","HTML","https://www.georgiapower.com/about/grid-reliability/grid-improvements/grid-projects/transmission-projects/ashley-park.html"
"document_00002.pdf","PDF","https://www.georgiapower.com/content/dam/georgia-power/pdfs/about/ashley-park-wansley-500-kv-project-letter-to-residents-100325.pdf"
"document_00003.pdf","PDF","https://www.georgiapower.com/content/dam/georgia-power/pdfs/about/transmission-education-brochure.pdf"
"document_00004.pdf","PDF","https://www.georgiapower.com/content/dam/georgia-power/pdfs/about/electric-and-magnetic-fields.pdf"
"page_00014.html","HTML","https://www.georgiapower.com/about/grid-reliability/grid-improvements/grid-projects/transmission-projects/big-tazewell-farley.html"
"page_00015.html","HTML","https://www.georgiapower.com/about/grid-reliability/grid-improvements/grid-projects/transmission-projects/decatur-scottdale.html"
"page_00016.html","HTML","https://www.georgiapower.com/about/grid-reliability/grid-improvements/grid-projects/transmission-projects/callaway-thomson.html"
"page_00017.html","HTML","https://www.georgiapower.com/about/grid-reliability/grid-improvements/grid-projects/transmission-projects/effingham-county.html"
"page_00018.html","HTML","https://www.georgiapower.com/about/grid-reliability/grid-improvements/grid-projects/transmission-projects/hills-bridge-speedway.html"
"document_00005.pdf","PDF","https://www.georgiapower.com/content/dam/georgia-power/pdfs/about/hills-bridge-letter-to-residents.pdf"
"page_00019.html","HTML","https://www.georgiapower.com/about/grid-reliability/grid-improvements/grid-projects/transmission-projects/grassy-hollow-great-valley.html"
"document_00006.pdf","PDF","https://www.georgiapower.com/content/dam/georgia-power/pdfs/about/grassy-hollow-great-valley-pre-construction-postcards.pdf"
"page_00020.html","HTML","https://www.georgiapower.com/about/grid-reliability/grid-improvements/grid-projects/transmission-projects/hatch-wadley.html"
"document_00007.pdf","PDF","https://www.georgiapower.com/content/dam/georgia-power/pdfs/about/external-project-overview-hatch-wadley-500k-kv.pdf"
"page_00021.html","HTML","https://www.georgiapower.com/about/grid-reliability/grid-improvements/grid-projects/transmission-projects/conyers-klondike.html"
"document_00008.pdf","PDF","https://www.georgiapower.com/content/dam/georgia-power/pdfs/about/EMF-Resources.pdf"
"document_00009.pdf","PDF","https://www.georgiapower.com/content/dam/georgia-power/pdfs/about/env-affairs-overview-flyer.pdf"
